ARG_ID,MGE_ID,Donor,Pre,Post,PatientCount
AAC3,gene:plasmid:118521,0,1,1,2
AAC3,gene:plasmid:14302,0,0,1,1
AAC3,gene:plasmid:14303,0,0,1,1
AAC3,gene:plasmid:14304,0,0,1,1
AAC3,gene:plasmid:148233,0,1,1,2
AAC3,gene:plasmid:148234,0,0,1,1
AAC3,gene:plasmid:148234,0,1,0,1
AAC3,gene:plasmid:158830,0,0,1,1
AAC3,gene:plasmid:84283,0,0,1,1
AAC3,gene:plasmid:84283,0,1,0,1
AAC6-PRIME,gene:plasmid:136912,1,0,3,1
AAC6-PRIME,gene:plasmid:15542,1,0,3,1
AAC6-PRIME,gene:plasmid:15547,1,0,3,1
AAC6-PRIME,gene:plasmid:17458,0,0,1,1
AAC6-PRIME,gene:plasmid:28968,1,0,3,1
AAC6-PRIME,gene:plasmid:97769,0,1,1,1
AAC6-PRIME,gene:proph:167228,0,1,0,1
AAC6-PRIME,gene:proph:167231,1,0,3,1
ACRA,gene:vir:1321,0,0,1,1
ACRD,gene:proph:163981,0,0,1,1
ACRD,gene:proph:182641,0,0,1,1
ACRD,gene:proph:183583,0,0,1,1
ACRD,gene:proph:184644,0,0,1,1
ACRD,gene:vir:7156,0,0,1,1
ACRS,gene:proph:163818,0,0,1,1
AMPH,gene:plasmid:123173,0,0,1,1
AMPH,gene:plasmid:123175,0,0,1,1
AMPH,gene:plasmid:88435,0,0,1,1
AMPH,gene:plasmid:88436,0,0,1,1
AMPH,gene:plasmid:88437,0,0,1,1
ANT6,gene:plasmid:135617,0,0,1,1
ANT6,gene:plasmid:136912,1,0,3,1
ANT6,gene:plasmid:15542,1,0,3,1
ANT6,gene:plasmid:15664,0,0,1,1
ANT6,gene:plasmid:15665,0,0,1,1
ANT6,gene:plasmid:28968,1,0,3,1
APH3-PRIME,gene:plasmid:109090,0,0,2,1
APH3-PRIME,gene:plasmid:136190,0,0,2,1
APH3-PRIME,gene:plasmid:83771,0,0,2,1
APH3-PRIME,gene:plasmid:83787,0,0,2,1
APH3-PRIME,gene:plasmid:83899,0,0,2,1
APH3-PRIME,gene:plasmid:83934,0,0,2,1
APH3-PRIME,gene:plasmid:91552,0,0,2,1
APH3-PRIME,gene:plasmid:91555,0,0,2,1
APH3-PRIME,gene:plasmid:91581,0,1,0,1
APH3-PRIME,gene:plasmid:91606,0,0,2,1
APH3-PRIME,gene:plasmid:91640,0,0,2,1
APH3-PRIME,gene:plasmid:91643,0,0,2,1
APH3-PRIME,gene:plasmid:91648,0,0,2,1
APH3-PRIME,gene:plasmid:91662,0,1,0,1
APH6,gene:plasmid:136289,0,1,0,1
ARIR,gene:proph:169115,0,0,1,1
ARIR,gene:proph:172517,0,0,1,1
ARIR,gene:proph:172518,0,0,1,1
ARIR,gene:proph:172519,0,0,1,1
ARIR,gene:proph:172520,0,0,1,1
ARIR,gene:proph:172521,0,0,1,1
ARIR,gene:proph:172522,0,0,1,1
ARIR,gene:proph:172523,0,0,1,1
ARIR,gene:proph:172524,0,0,1,1
ARIR,gene:proph:172602,0,0,1,1
ARIR,gene:proph:177632,0,0,1,1
ARIR,gene:proph:177685,0,0,1,1
ARIR,gene:proph:177696,0,0,1,1
ARIR,gene:proph:183637,0,0,1,1
ARIR,gene:vir:93595,0,0,1,1
ARIR,gene:vir:93604,0,0,1,1
ARNT,gene:plasmid:86276,0,1,0,1
ARR,gene:plasmid:139639,0,1,0,1
ARR,gene:plasmid:149101,0,1,0,1
ARSBM,gene:plasmid:124927,0,1,0,1
ARSBM,gene:plasmid:124929,0,1,0,1
ARSBM,gene:plasmid:85089,0,1,0,1
ARSCM,gene:plasmid:123306,0,0,1,1
ARSCM,gene:plasmid:27818,0,0,1,1
ARSCM,gene:plasmid:93448,0,0,1,1
ARSCM,gene:plasmid:93448,0,1,0,1
ARSCM,gene:proph:173726,0,0,1,1
ARSP,gene:plasmid:14189,0,1,0,1
ARSRM,gene:plasmid:16011,0,0,2,1
ARSRM,gene:plasmid:24694,0,0,2,1
ARSRM,gene:plasmid:88465,0,0,1,1
ARSRM,gene:plasmid:88466,0,0,1,1
ARSRM,gene:plasmid:88466,0,1,0,1
ARSRM,gene:plasmid:88468,0,0,1,1
ARSRM,gene:plasmid:88468,0,0,2,2
ARSRM,gene:plasmid:88468,0,1,1,1
ASMA,gene:plasmid:112498,0,1,0,1
ASMA,gene:plasmid:117753,0,1,0,1
ASMA,gene:plasmid:123360,0,1,0,1
ASMA,gene:plasmid:123361,0,1,0,1
ASMA,gene:plasmid:123362,0,1,0,1
ASMA,gene:plasmid:123363,0,1,0,1
ASMA,gene:plasmid:149414,0,1,0,1
ASMA,gene:plasmid:149415,0,1,0,1
ASMA,gene:plasmid:22236,0,1,0,1
ASMA,gene:plasmid:93439,0,1,0,1
ASMA,gene:plasmid:93454,0,1,0,1
ASMA,gene:proph:176848,0,0,1,1
ASMA,gene:proph:181234,0,0,1,1
ASMA,gene:vir:105390,0,0,1,1
ASMA,gene:vir:1919,0,0,1,1
ASMA,gene:vir:1921,0,0,1,1
ASMA,gene:vir:213,0,0,1,1
ASMA,gene:vir:219,0,0,1,1
ASR,gene:proph:172400,0,0,1,1
ASR,gene:proph:173506,0,0,1,1
ASR,gene:proph:173881,0,0,1,1
ASR,gene:proph:173882,0,0,1,1
ASR,gene:proph:173883,0,0,1,1
ASR,gene:proph:173886,0,0,1,1
ASR,gene:proph:173887,0,0,1,1
ASR,gene:proph:173888,0,0,1,1
ASR,gene:proph:173889,0,0,1,1
ASR,gene:proph:173890,0,0,1,1
ASR,gene:proph:173891,0,0,1,1
ASR,gene:proph:173892,0,0,1,1
ASR,gene:proph:173893,0,0,1,1
ASR,gene:proph:173894,0,0,1,1
ASR,gene:proph:173895,0,0,1,1
ASR,gene:proph:173899,0,0,1,1
ASR,gene:proph:173900,0,0,1,1
ASR,gene:proph:173901,0,0,1,1
ASR,gene:proph:173928,0,0,1,1
ASR,gene:proph:173934,0,0,1,1
ASR,gene:proph:175283,0,0,1,1
ASR,gene:proph:176845,0,0,1,1
ASR,gene:proph:176861,0,0,1,1
ASR,gene:proph:176866,0,0,1,1
ASR,gene:proph:177426,0,0,1,1
ASR,gene:proph:177429,0,0,1,1
ASR,gene:proph:181267,0,0,1,1
ASR,gene:proph:181272,0,0,1,1
ASR,gene:proph:181284,0,0,1,1
ASR,gene:proph:182994,0,0,1,1
ASR,gene:proph:183007,0,0,1,1
ASR,gene:proph:183581,1,0,3,1
ASR,gene:proph:183626,0,0,1,1
ASR,gene:proph:183629,0,0,1,1
ASR,gene:proph:184990,0,0,1,1
ASR,gene:vir:105371,0,0,1,1
ASR,gene:vir:105430,0,0,1,1
ASR,gene:vir:105726,0,0,1,1
ASR,gene:vir:105727,0,0,1,1
ASR,gene:vir:105728,0,0,1,1
ASR,gene:vir:150,0,0,1,1
ASR,gene:vir:151,0,0,1,1
ASR,gene:vir:154,0,0,1,1
ASR,gene:vir:236,0,0,1,1
ASR,gene:vir:243,0,0,1,1
ASR,gene:vir:3474,0,0,1,1
BLA1,gene:plasmid:122880,0,1,0,1
BLA1,gene:plasmid:122881,0,1,0,1
BLA1,gene:plasmid:122882,0,1,0,1
BLA1,gene:plasmid:123057,0,1,0,1
BLAEC,gene:plasmid:109300,0,0,3,1
BLAZ,gene:plasmid:28884,0,1,0,1
CATA,gene:plasmid:133251,0,1,1,1
CATA,gene:plasmid:24253,0,0,1,1
CATA,gene:plasmid:84454,0,1,2,1
CATA,gene:plasmid:87041,0,1,1,1
CFX,gene:plasmid:133362,0,0,1,1
CFX,gene:plasmid:133366,0,0,1,1
CFX,gene:plasmid:133367,0,0,1,1
CFX,gene:plasmid:133368,0,0,1,1
CFX,gene:plasmid:133369,0,0,1,1
CFX,gene:plasmid:133373,0,0,1,1
CFX,gene:plasmid:133374,0,0,1,1
CFX,gene:plasmid:133377,0,0,1,1
CFX,gene:plasmid:133381,0,0,1,1
CFX,gene:plasmid:133383,0,0,1,1
CFX,gene:plasmid:133384,0,0,1,1
CFX,gene:plasmid:133385,0,0,1,1
CFX,gene:plasmid:133388,0,0,1,1
CFX,gene:plasmid:133391,0,0,1,1
CFX,gene:plasmid:133392,0,0,1,1
CFX,gene:plasmid:133394,0,0,1,1
CFX,gene:plasmid:133396,0,0,1,1
CFX,gene:plasmid:133400,0,0,1,1
CFX,gene:plasmid:133401,0,0,1,1
CFX,gene:plasmid:133402,0,0,1,1
CFX,gene:plasmid:141426,0,0,1,1
CFX,gene:plasmid:141426,0,0,2,1
CFX,gene:plasmid:141426,0,1,2,1
CFX,gene:plasmid:141426,0,1,3,1
CFX,gene:plasmid:141426,1,0,3,4
CFX,gene:plasmid:141426,1,1,3,4
CFX,gene:plasmid:141431,0,0,1,1
CMY,gene:plasmid:109060,0,1,0,1
CMY,gene:plasmid:109061,0,1,0,1
CMY,gene:plasmid:109062,0,1,0,1
CMY,gene:plasmid:109177,0,1,0,1
CMY,gene:plasmid:117706,0,0,1,1
CMY,gene:plasmid:117731,0,0,1,1
CMY,gene:plasmid:117732,0,0,1,1
CMY,gene:plasmid:117735,0,0,1,1
CMY,gene:plasmid:117738,0,0,1,1
CMY,gene:plasmid:117739,0,0,1,1
CMY,gene:plasmid:117740,0,0,1,1
CMY,gene:plasmid:117741,0,0,1,1
CMY,gene:plasmid:117742,0,0,1,1
CMY,gene:plasmid:117781,0,0,1,1
CMY,gene:plasmid:117818,0,0,1,1
CMY,gene:plasmid:117820,0,0,1,1
CMY,gene:plasmid:117821,0,0,1,1
CMY,gene:plasmid:117823,0,0,1,1
CMY,gene:plasmid:121510,0,0,1,1
CMY,gene:plasmid:121584,0,0,1,1
CMY,gene:plasmid:123182,0,0,1,1
CMY,gene:plasmid:123231,0,0,1,1
CMY,gene:plasmid:136136,0,0,2,1
CMY,gene:plasmid:136204,0,0,2,1
CMY,gene:plasmid:136206,0,1,0,1
CMY,gene:plasmid:136208,0,1,0,1
CMY,gene:plasmid:136210,0,1,0,1
CMY,gene:plasmid:136244,0,1,0,1
CMY,gene:plasmid:136246,0,1,0,1
CMY,gene:plasmid:136253,0,1,0,1
CMY,gene:plasmid:14229,0,1,2,1
CMY,gene:plasmid:151254,0,0,1,1
CMY,gene:plasmid:151291,0,0,1,1
CMY,gene:plasmid:19408,0,0,1,1
CMY,gene:plasmid:19409,0,0,1,1
CMY,gene:plasmid:19506,0,0,1,1
CMY,gene:plasmid:24721,0,0,1,1
CMY,gene:plasmid:83774,0,1,0,1
CMY,gene:plasmid:83906,0,1,0,1
CMY,gene:plasmid:83929,0,0,2,1
CMY,gene:plasmid:84548,0,0,1,1
CMY,gene:plasmid:91057,0,1,0,1
CMY,gene:plasmid:91147,0,0,2,1
CMY,gene:plasmid:91150,0,1,0,1
CMY,gene:plasmid:91194,0,1,0,1
CMY,gene:plasmid:91534,0,1,2,1
CMY,gene:plasmid:91536,0,1,2,1
CMY,gene:plasmid:91550,0,1,0,1
CMY,gene:plasmid:91561,0,1,2,1
CMY,gene:plasmid:91563,0,1,0,1
CMY,gene:plasmid:91567,0,1,2,1
CMY,gene:plasmid:91568,0,1,2,1
CMY,gene:plasmid:91571,0,1,0,1
CMY,gene:plasmid:91572,0,1,2,1
CMY,gene:plasmid:91573,0,1,0,1
CMY,gene:plasmid:91574,0,1,2,1
CMY,gene:plasmid:91579,0,0,2,1
CMY,gene:plasmid:91594,0,1,0,1
CMY,gene:plasmid:91595,0,0,2,1
CMY,gene:plasmid:91603,0,1,2,1
CMY,gene:plasmid:91609,0,1,2,1
CMY,gene:plasmid:91612,0,1,0,1
CMY,gene:plasmid:91615,0,1,2,1
CMY,gene:plasmid:91619,0,1,0,1
CMY,gene:plasmid:91621,0,1,0,1
CMY,gene:plasmid:91625,0,1,0,1
CMY,gene:plasmid:91626,0,1,0,1
CMY,gene:plasmid:91637,0,1,2,1
CMY,gene:plasmid:91641,0,1,2,1
CMY,gene:plasmid:91642,0,1,2,1
CMY,gene:plasmid:91644,0,1,0,1
CMY,gene:plasmid:91649,0,1,2,1
CMY,gene:plasmid:91660,0,1,2,1
CMY,gene:plasmid:91666,0,1,2,1
CMY,gene:plasmid:91674,0,1,2,1
CMY,gene:plasmid:91675,0,1,2,1
CMY,gene:plasmid:91679,0,1,0,1
CMY,gene:plasmid:91682,0,1,2,1
CMY,gene:plasmid:91685,0,1,0,1
CMY,gene:plasmid:91689,0,1,2,1
CMY,gene:plasmid:91693,0,1,0,1
CMY,gene:plasmid:91695,0,1,2,1
CMY,gene:plasmid:91710,0,1,0,1
CMY,gene:plasmid:91714,0,1,0,1
CMY,gene:plasmid:91716,0,1,0,1
CMY,gene:proph:163917,0,0,1,1
CMY,gene:proph:163922,0,0,1,1
CMY,gene:proph:163923,0,0,1,1
COMR,gene:proph:163847,0,0,1,1
COMR,gene:proph:172415,0,0,1,1
COMR,gene:proph:172517,0,0,1,1
COMR,gene:proph:172518,0,0,1,1
COMR,gene:proph:172519,0,0,1,1
COMR,gene:proph:172520,0,0,1,1
COMR,gene:proph:172521,0,0,1,1
COMR,gene:proph:172522,0,0,1,1
COMR,gene:proph:172523,0,0,1,1
COMR,gene:proph:172524,0,0,1,1
COMR,gene:proph:172651,0,0,1,1
COMR,gene:proph:176039,0,0,1,1
COMR,gene:proph:176040,0,0,1,1
COMR,gene:proph:176765,0,0,1,1
COMR,gene:proph:181166,0,0,1,1
COMR,gene:proph:181167,0,0,1,1
COMR,gene:proph:181222,0,0,1,1
COMR,gene:vir:104422,0,0,1,1
COMR,gene:vir:108544,0,0,1,1
COMR,gene:vir:108716,0,0,1,1
COMR,gene:vir:2884,0,0,1,1
COMR,gene:vir:3271,0,0,1,1
COMR,gene:vir:3472,0,0,1,1
COPA,gene:plasmid:88435,1,0,3,1
COPA,gene:plasmid:88436,1,0,3,1
COPA,gene:plasmid:88437,1,0,3,1
COPA,gene:proph:159047,1,0,3,1
COPA,gene:proph:159076,0,0,1,1
COPA,gene:proph:176071,0,0,1,1
COPA,gene:proph:176073,0,0,1,1
COPA,gene:proph:176737,1,0,3,1
COPA,gene:proph:179473,0,0,1,1
COPA,gene:proph:179475,1,0,3,1
COPA,gene:proph:179476,1,0,3,1
COPA,gene:proph:179478,1,0,3,1
COPA,gene:proph:179486,1,0,3,1
COPA,gene:proph:181087,1,0,3,1
COPA,gene:proph:181111,1,0,3,1
COPA,gene:proph:181113,1,0,3,1
COPA,gene:proph:181119,0,0,1,1
COPA,gene:proph:181161,1,0,3,1
COPA,gene:proph:181170,0,0,1,1
COPA,gene:proph:181318,0,0,1,1
COPA,gene:proph:181322,0,0,1,1
COPA,gene:proph:181323,0,0,1,1
COPA,gene:proph:181324,0,0,1,1
COPA,gene:vir:166,0,0,1,1
COPA,gene:vir:167,0,0,1,1
COPA,gene:vir:4533,1,0,3,1
COPA,gene:vir:4534,1,0,3,1
COPA,gene:vir:4536,1,0,3,1
COPA,gene:vir:4537,1,0,3,1
COPA,gene:vir:4546,1,0,3,1
COPA,gene:vir:4547,1,0,3,1
CORA,gene:plasmid:123244,0,0,1,1
CORA,gene:plasmid:123245,0,0,1,1
CORA,gene:plasmid:123246,0,0,1,1
CORA,gene:plasmid:123247,0,0,1,1
CORA,gene:plasmid:123248,0,0,1,1
CORA,gene:plasmid:123249,0,0,1,1
CORA,gene:plasmid:123250,0,0,1,1
CORA,gene:plasmid:123251,0,0,1,1
CORA,gene:plasmid:123252,0,0,1,1
CORA,gene:plasmid:123253,0,0,1,1
CORA,gene:plasmid:123254,0,0,1,1
CORA,gene:plasmid:24561,0,0,1,2
CORA,gene:plasmid:24561,1,0,3,2
CORA,gene:proph:159396,0,0,1,1
CORA,gene:proph:159396,0,1,0,2
CORB,gene:plasmid:93474,0,0,1,1
CORB,gene:plasmid:93475,0,0,1,1
CORB,gene:proph:163906,0,0,1,1
CORB,gene:proph:163976,0,0,1,2
CORB,gene:proph:163976,0,0,2,1
CORB,gene:proph:173747,0,1,0,1
CORB,gene:proph:175014,0,1,0,1
CORB,gene:proph:175032,0,1,0,1
CORB,gene:proph:179474,0,0,1,1
CORB,gene:proph:181067,0,0,1,1
CORB,gene:proph:181068,0,0,1,1
CORB,gene:proph:181069,0,0,1,1
CORB,gene:proph:181070,0,0,1,1
CORB,gene:proph:181073,0,0,1,1
CORB,gene:proph:181074,0,0,1,1
CORB,gene:proph:181075,0,0,1,1
CORB,gene:proph:181076,0,0,1,1
CORB,gene:proph:181077,0,0,1,1
CORB,gene:proph:181078,0,0,1,1
CORB,gene:proph:181080,0,0,1,1
CORB,gene:proph:181081,0,0,1,1
CORB,gene:proph:181082,0,0,1,1
CORB,gene:proph:181083,0,0,1,1
CORB,gene:proph:181085,0,0,1,1
CORB,gene:proph:181086,0,0,1,1
CORB,gene:proph:181091,0,0,1,1
CORB,gene:proph:181092,0,0,1,1
CORB,gene:proph:181093,0,0,1,1
CORB,gene:proph:181094,0,0,1,1
CORB,gene:proph:181095,0,0,1,1
CORB,gene:proph:181096,0,0,1,1
CORB,gene:proph:181097,0,0,1,1
CORB,gene:proph:181098,0,0,1,1
CORB,gene:proph:181099,0,0,1,1
CORB,gene:proph:181100,0,0,1,1
CORB,gene:proph:181101,0,0,1,1
CORB,gene:proph:181102,0,0,1,1
CORB,gene:proph:181103,0,0,1,1
CORB,gene:proph:181104,0,0,1,1
CORB,gene:proph:181159,0,0,1,1
CRP,gene:plasmid:21818,0,0,1,1
CRP,gene:vir:1321,0,0,1,1
CTX,gene:plasmid:117688,0,1,0,1
CTX,gene:plasmid:117695,0,1,0,1
CTX,gene:plasmid:117832,0,1,0,1
CTX,gene:plasmid:139639,0,1,0,1
CTX,gene:plasmid:156018,0,1,0,1
CTX,gene:plasmid:88328,0,1,0,1
CTX,gene:plasmid:88329,0,1,0,1
CTX,gene:plasmid:88331,0,1,0,1
CTX,gene:plasmid:88333,0,1,0,1
CTX,gene:plasmid:88336,0,1,0,1
CTX,gene:plasmid:88337,0,1,0,1
CTX,gene:plasmid:88339,0,1,0,1
CTX,gene:plasmid:88340,0,1,0,1
CTX,gene:plasmid:88341,0,1,0,1
CTX,gene:plasmid:88343,0,1,0,1
CTX,gene:plasmid:91966,0,0,2,1
CUEO,gene:plasmid:156805,0,0,1,1
CUER,gene:proph:176739,0,0,1,1
CUER,gene:vir:4533,0,0,1,1
CUER,gene:vir:4534,0,0,1,1
CUER,gene:vir:4535,0,0,1,1
CUER,gene:vir:4536,0,0,1,1
CUTA,gene:proph:169111,0,0,1,1
CUTC,gene:proph:163921,0,0,1,1
CUTC,gene:proph:183581,0,0,1,1
DFRA,gene:plasmid:158823,1,0,3,1
DFRA,gene:plasmid:158836,1,0,3,1
DFRA,gene:plasmid:158907,1,0,3,1
DFRA,gene:plasmid:87420,0,0,1,1
DFRA,gene:plasmid:87420,1,0,3,1
DFRA,gene:plasmid:87421,0,0,1,1
DFRF,gene:plasmid:14955,0,1,0,1
DNAK,gene:plasmid:158140,0,0,1,1
DNAK,gene:plasmid:158140,1,0,3,2
DSBC,gene:plasmid:123177,1,0,3,1
DSBC,gene:plasmid:151300,1,0,3,1
EFMA,gene:plasmid:136829,0,0,1,1
EFMA,gene:plasmid:136829,0,1,0,1
EFMA,gene:plasmid:136837,0,1,0,1
EFMA,gene:plasmid:136837,0,1,1,1
EMMDR,gene:plasmid:119712,0,0,2,1
EMMDR,gene:proph:182641,0,0,2,1
EMRD,gene:proph:179438,1,0,3,1
EMRR,gene:proph:163976,1,0,3,1
EMRR,gene:proph:179489,0,0,1,1
EMRR,gene:proph:179490,0,0,1,1
ERMB,gene:plasmid:135617,0,1,0,1
ERMB,gene:plasmid:15563,0,0,1,1
ERMB,gene:plasmid:156401,0,0,1,1
ERMC,gene:plasmid:138607,0,1,0,1
ERMC,gene:plasmid:19874,0,1,0,1
FABI,gene:plasmid:120395,0,0,1,1
FABI,gene:plasmid:120395,0,1,0,1
FABI,gene:plasmid:93474,0,0,1,1
FABI,gene:plasmid:93474,0,1,0,1
FABI,gene:plasmid:93482,0,0,1,1
FABI,gene:plasmid:93482,0,1,0,1
FECD,gene:plasmid:114192,0,0,1,1
FECD,gene:plasmid:114202,1,0,3,1
FECD,gene:plasmid:123343,0,1,0,1
FECD,gene:plasmid:142013,0,0,1,2
FECD,gene:plasmid:142025,1,0,3,1
FECD,gene:plasmid:142074,0,0,1,1
FECD,gene:plasmid:156052,0,0,1,3
FECD,gene:plasmid:156052,0,0,2,1
FECD,gene:plasmid:156052,0,1,1,2
FECD,gene:plasmid:156052,1,1,3,1
FECD,gene:plasmid:156066,0,1,0,1
FECD,gene:plasmid:156082,0,1,0,1
FECD,gene:plasmid:156832,0,1,0,1
FECD,gene:plasmid:25296,0,0,1,1
FECD,gene:plasmid:25357,1,0,3,1
FECD,gene:plasmid:25689,0,0,1,1
FECD,gene:plasmid:25689,0,1,0,1
FECD,gene:plasmid:88409,0,1,0,1
FECD,gene:plasmid:88437,0,1,0,1
FECD,gene:proph:163834,0,1,0,1
FECD,gene:proph:163854,0,0,1,1
FECD,gene:proph:169102,0,1,0,1
FECD,gene:proph:177620,0,0,1,1
FECD,gene:proph:177621,0,0,1,2
FECD,gene:proph:183618,0,0,1,1
FIEF,gene:plasmid:16162,0,0,1,1
FIEF,gene:proph:176915,0,0,1,1
FIEF,gene:proph:176925,0,0,1,1
FIEF,gene:vir:2040,0,0,1,1
FIEF,gene:vir:5705,0,0,1,1
FIEF,gene:vir:5706,0,0,1,1
FIEF,gene:vir:5707,0,0,1,1
FIEF,gene:vir:5708,0,0,1,1
FIEF,gene:vir:5709,0,0,1,1
FIEF,gene:vir:5713,0,0,1,1
FIEF,gene:vir:5718,0,0,1,1
FIEF,gene:vir:6070,0,0,1,1
FIEF,gene:vir:6072,0,0,1,1
FIEF,gene:vir:6079,0,0,1,1
FIEF,gene:vir:6080,0,0,1,1
FOSA,gene:plasmid:154014,0,0,1,1
FOSA,gene:plasmid:21346,0,1,0,1
FOSA,gene:plasmid:28746,0,1,0,1
FOSA,gene:plasmid:93495,0,0,1,1
GADX,gene:plasmid:123887,1,0,3,1
GADX,gene:plasmid:21818,1,0,3,1
GLPF,gene:plasmid:123175,1,0,3,1
GLPF,gene:plasmid:84585,1,0,3,1
GLPF,gene:plasmid:84614,1,0,3,1
GLPF,gene:plasmid:84622,1,0,3,1
GLPF,gene:proph:163807,1,0,3,1
GLPF,gene:proph:163814,1,0,3,1
GLPF,gene:proph:176915,1,0,3,1
GLPF,gene:proph:176917,1,0,3,1
GLPF,gene:proph:176925,1,0,3,1
GLPF,gene:vir:108626,1,0,3,1
GLPF,gene:vir:2014,1,0,3,1
GLPF,gene:vir:2016,1,0,3,1
GLPF,gene:vir:2022,1,0,3,1
GLPF,gene:vir:2023,1,0,3,1
GLPF,gene:vir:2024,1,0,3,1
GLPF,gene:vir:2040,1,0,3,1
GLPF,gene:vir:2050,1,0,3,1
GLPF,gene:vir:5695,1,0,3,1
GLPF,gene:vir:5698,1,0,3,1
GLPF,gene:vir:5699,1,0,3,1
GLPF,gene:vir:5705,1,0,3,1
GLPF,gene:vir:5706,1,0,3,1
GLPF,gene:vir:5707,1,0,3,1
GLPF,gene:vir:5708,1,0,3,1
GLPF,gene:vir:5709,1,0,3,1
GLPF,gene:vir:5713,1,0,3,1
GLPF,gene:vir:5718,1,0,3,1
GLPF,gene:vir:5719,1,0,3,1
GLPF,gene:vir:5720,1,0,3,1
GLPF,gene:vir:5721,1,0,3,1
GLPF,gene:vir:5723,1,0,3,1
GLPF,gene:vir:5725,1,0,3,1
GLPF,gene:vir:5727,1,0,3,1
GLPF,gene:vir:6060,1,0,3,1
GLPF,gene:vir:6063,1,0,3,1
GLPF,gene:vir:6064,1,0,3,1
GLPF,gene:vir:6070,1,0,3,1
GLPF,gene:vir:6072,1,0,3,1
GLPF,gene:vir:6079,1,0,3,1
GLPF,gene:vir:6080,1,0,3,1
HNS,gene:plasmid:121859,0,0,1,1
HNS,gene:plasmid:142103,0,0,2,1
HNS,gene:plasmid:142103,0,1,0,1
HNS,gene:plasmid:149415,0,1,0,1
HNS,gene:proph:184879,0,0,1,1
HNS,gene:proph:184884,0,0,1,1
HNS,gene:proph:184889,0,0,1,1
HNS,gene:proph:184890,0,0,1,1
HNS,gene:proph:184891,0,0,1,1
HNS,gene:proph:184893,0,0,1,1
HNS,gene:proph:184896,0,0,1,1
HNS,gene:proph:184898,0,0,1,1
HNS,gene:proph:184899,0,0,1,1
HNS,gene:proph:184901,0,0,1,1
HNS,gene:proph:184902,0,0,1,1
HNS,gene:proph:184903,0,0,1,1
HNS,gene:proph:184904,0,0,1,1
HNS,gene:proph:184905,0,0,1,1
HNS,gene:proph:184906,0,0,1,1
HNS,gene:proph:184908,0,0,1,1
HNS,gene:proph:184910,0,0,1,1
HNS,gene:proph:184911,0,0,1,1
HNS,gene:proph:184912,0,0,1,1
HNS,gene:proph:184913,0,0,1,1
ICLR,gene:proph:161685,0,0,1,1
KDEA,gene:plasmid:124699,0,1,0,1
KDEA,gene:proph:173726,0,1,0,1
KDEA,gene:proph:182982,0,1,0,1
KMRA,gene:plasmid:21989,0,0,1,1
KPC,gene:plasmid:136274,0,0,1,1
KPC,gene:plasmid:151053,0,0,1,1
KPC,gene:plasmid:151054,0,0,1,1
KPC,gene:plasmid:16930,0,0,1,1
KPC,gene:plasmid:16943,0,0,1,1
KPC,gene:plasmid:19782,0,0,1,1
KPC,gene:plasmid:83749,0,0,1,1
KPC,gene:plasmid:87438,0,0,1,1
KPC,gene:plasmid:87439,0,0,1,1
KPC,gene:plasmid:87440,0,0,1,1
KPC,gene:plasmid:87441,0,0,1,1
KPC,gene:plasmid:87442,0,0,1,1
KPC,gene:plasmid:87443,0,0,1,1
KPC,gene:plasmid:87451,0,0,1,1
KPC,gene:plasmid:87452,0,0,1,1
KPNE,gene:plasmid:16025,0,1,0,1
KPNE,gene:plasmid:16026,0,1,0,1
KPNE,gene:plasmid:16027,0,1,0,1
KPNE,gene:plasmid:16029,0,1,0,1
KPNE,gene:plasmid:92147,0,1,0,1
LMRD,gene:plasmid:135959,0,0,1,1
LMRD,gene:plasmid:135980,0,0,1,1
LMRD,gene:proph:162968,0,0,1,1
LMRD,gene:proph:162970,0,0,1,1
LMRD,gene:proph:162996,0,0,1,1
LMRD,gene:proph:184396,0,0,1,1
LMRD,gene:proph:184397,0,0,1,1
LMRD,gene:proph:184398,0,0,1,1
LMRD,gene:vir:1042,0,0,1,1
LMRD,gene:vir:1050,0,0,1,1
LMRD,gene:vir:3580,0,0,1,1
LMRD,gene:vir:3933,0,0,1,1
LMRD,gene:vir:4033,0,0,1,1
LMRD,gene:vir:4035,0,0,1,1
LMRD,gene:vir:94754,0,0,1,1
LMRD,gene:vir:992,0,0,1,1
LNUC,gene:plasmid:15551,0,1,0,1
LNUC,gene:proph:175690,0,1,1,1
LNUC,gene:proph:181669,0,1,1,1
LNUC,gene:proph:181670,0,1,1,1
LSA,ICEberg|101|Tn5385|GenBank|...,0,0,1,1
LSA,ICEberg|101|Tn5385|GenBank|...,0,1,1,1
LSA,gene:proph:183775,0,0,1,1
MARA,gene:plasmid:93486,0,0,1,1
MARA,gene:plasmid:93486,0,1,0,1
MARR,gene:proph:159058,0,0,1,1
MARR,gene:proph:159060,0,0,1,1
MARR,gene:proph:159065,0,0,1,1
MARR,gene:proph:159066,0,0,1,1
MARR,gene:proph:159067,0,0,1,1
MARR,gene:proph:159069,0,0,1,1
MARR,gene:proph:159070,0,0,1,1
MARR,gene:proph:159071,0,0,1,1
MARR,gene:proph:159076,0,0,1,1
MARR,gene:proph:163832,0,0,1,1
MARR,gene:proph:163928,0,0,1,1
MARR,gene:proph:163939,0,0,1,1
MARR,gene:proph:163940,0,0,1,1
MARR,gene:proph:172467,0,0,1,1
MARR,gene:proph:172470,0,0,1,1
MARR,gene:proph:176797,0,0,1,1
MARR,gene:proph:179432,0,0,1,1
MARR,gene:proph:179433,0,0,1,1
MARR,gene:proph:179435,0,0,1,1
MARR,gene:proph:179436,0,0,1,1
MARR,gene:proph:179439,0,0,1,1
MARR,gene:proph:179443,0,0,1,1
MARR,gene:proph:179464,0,0,1,1
MARR,gene:proph:181121,0,0,1,1
MARR,gene:proph:181210,0,0,1,1
MARR,gene:proph:181302,0,0,1,1
MARR,gene:proph:181308,0,0,1,1
MARR,gene:proph:181312,0,0,1,1
MARR,gene:proph:181314,0,0,1,1
MARR,gene:proph:181315,0,0,1,1
MARR,gene:proph:181317,0,0,1,1
MARR,gene:proph:182931,0,0,1,1
MARR,gene:vir:3424,0,0,1,1
MARR,gene:vir:3425,0,0,1,1
MARR,gene:vir:3426,0,0,1,1
MARR,gene:vir:3429,0,0,1,1
MARR,gene:vir:3430,0,0,1,1
MARR,gene:vir:3431,0,0,1,1
MDE,gene:proph:175649,0,0,1,1
MDE,gene:proph:181670,0,0,1,1
MDTA,gene:plasmid:87050,0,0,1,1
MDTA,gene:plasmid:87051,0,0,1,1
MDTA,gene:proph:179438,0,0,1,1
MECA,gene:vir:98354,0,1,0,1
MEFE,gene:plasmid:141421,1,0,3,1
MEFE,gene:plasmid:141423,1,0,3,1
MEFE,gene:plasmid:141425,1,0,3,1
MEFE,gene:plasmid:141426,0,0,1,1
MEFE,gene:plasmid:141426,0,0,3,1
MEFE,gene:plasmid:141426,0,1,0,1
MEFE,gene:plasmid:141426,1,0,3,2
MEFE,gene:plasmid:141427,1,0,3,1
MEFE,gene:plasmid:141429,1,0,3,1
MEFE,gene:plasmid:82630,0,0,3,1
MERD,gene:plasmid:127986,0,0,2,1
MERR,gene:plasmid:151054,0,0,2,1
MERR,gene:plasmid:151055,0,0,2,1
MERR,gene:plasmid:87432,0,0,2,1
MERR1,gene:plasmid:136188,0,0,1,1
MERR1,gene:plasmid:83768,0,0,1,1
MERR1,gene:plasmid:83928,0,0,1,1
MERR1,gene:plasmid:83934,0,0,1,1
MERR1,gene:plasmid:91552,0,0,1,1
MERR1,gene:plasmid:91555,0,0,1,1
MERR1,gene:plasmid:91569,0,0,1,1
MERR1,gene:plasmid:91581,0,0,1,1
MERR1,gene:plasmid:91599,0,0,1,1
MERR1,gene:plasmid:91606,0,0,1,1
MERR1,gene:plasmid:91640,0,0,1,1
MERR1,gene:plasmid:91643,0,0,1,1
MERR1,gene:plasmid:91648,0,0,1,1
MERR1,gene:plasmid:91662,0,0,1,1
MERR1,gene:plasmid:91678,0,0,1,1
MNTH,gene:plasmid:134726,0,0,1,2
MNTH,gene:plasmid:134726,0,0,2,2
MNTH,gene:plasmid:134726,0,1,0,1
MNTH,gene:plasmid:134726,0,1,1,1
MNTH,gene:proph:163850,0,0,1,1
MNTH,gene:proph:163853,0,0,1,1
MNTH,gene:proph:170569,0,0,1,1
MNTH,gene:proph:176758,0,0,1,1
MNTH,gene:proph:176852,0,0,1,1
MNTH,gene:proph:176855,0,0,1,1
MNTH,gene:proph:176864,0,0,1,1
MNTH,gene:proph:176870,0,0,1,1
MNTH,gene:proph:179433,0,0,1,1
MNTH,gene:proph:181201,0,0,1,1
MNTH,gene:proph:181242,0,0,1,1
MNTH,gene:proph:181243,0,0,1,1
MNTH,gene:proph:181247,0,0,1,1
MNTH,gene:proph:181257,0,0,1,1
MNTH,gene:proph:181258,0,0,1,1
MNTH,gene:proph:181272,0,0,1,1
MNTH,gene:proph:181292,0,0,1,1
MNTH,gene:proph:182991,0,0,1,1
MNTH,gene:proph:182994,0,0,1,1
MNTH,gene:proph:182995,0,0,1,1
MNTH,gene:proph:182999,0,0,1,1
MNTH,gene:proph:183028,0,0,1,1
MNTH,gene:proph:183029,0,0,1,1
MNTH,gene:proph:183030,0,0,1,1
MNTH,gene:proph:183032,0,0,1,1
MNTH,gene:vir:10237,0,0,1,1
MNTH,gene:vir:10250,0,0,1,1
MNTH,gene:vir:105370,0,0,1,1
MNTH,gene:vir:105418,0,0,1,1
MNTH,gene:vir:105428,0,0,1,1
MNTH,gene:vir:105726,0,0,1,1
MNTH,gene:vir:105727,0,0,1,1
MNTH,gene:vir:105728,0,0,1,1
MNTH,gene:vir:130,0,0,1,1
MNTH,gene:vir:131,0,0,1,1
MNTH,gene:vir:151,0,0,1,1
MNTH,gene:vir:179,0,0,1,1
MNTH,gene:vir:1912,0,0,1,1
MNTH,gene:vir:1933,0,0,1,1
MNTH,gene:vir:2121,0,0,1,1
MNTH,gene:vir:243,0,0,1,1
MNTH,gene:vir:2854,0,0,1,1
MNTH,gene:vir:3476,0,0,1,1
MNTH,gene:vir:772,0,0,1,1
MNTP,gene:proph:183581,0,0,2,1
MODA,gene:proph:175234,0,0,2,1
MODC,gene:plasmid:123175,0,0,1,1
MODC,gene:plasmid:88437,0,0,1,1
MODC,gene:proph:177442,0,0,1,1
MODC,gene:proph:181032,0,0,1,1
MODC,gene:proph:181033,0,0,1,1
MODC,gene:proph:181034,0,0,1,1
MODC,gene:proph:181036,0,0,1,1
MODC,gene:proph:181037,0,0,1,1
MODC,gene:proph:181038,0,0,1,1
MODC,gene:proph:181039,0,0,1,1
MODC,gene:proph:181040,0,0,1,1
MODC,gene:proph:181041,0,0,1,1
MODC,gene:proph:183637,0,0,1,1
MODC,gene:proph:184574,0,0,1,1
MPHA,gene:plasmid:158573,0,1,0,1
MPHA,gene:plasmid:158838,0,1,0,1
MPHA,gene:plasmid:158838,0,1,1,1
MPHA,gene:plasmid:158838,1,0,3,1
MPHA,gene:plasmid:158860,0,1,0,1
MPHA,gene:plasmid:158860,1,0,3,1
MPHA,gene:plasmid:87417,0,0,1,1
MPHA,gene:plasmid:87420,0,0,1,1
MPHA,gene:plasmid:87420,0,0,2,1
MPHA,gene:plasmid:87420,0,1,0,1
MPHA,gene:plasmid:87421,0,0,1,1
MPHA,gene:plasmid:87421,0,0,2,1
MPHA,gene:plasmid:87422,0,1,0,1
MVRC,gene:proph:159024,0,0,2,1
MVRC,gene:proph:159026,0,1,0,1
MVRC,gene:proph:159036,0,0,1,1
MVRC,gene:proph:159036,0,0,2,1
MVRC,gene:proph:163835,0,1,1,1
MVRC,gene:proph:163838,0,0,2,1
MVRC,gene:proph:163841,0,0,2,1
MVRC,gene:proph:163852,0,0,2,1
MVRC,gene:proph:163861,0,0,2,1
MVRC,gene:proph:163861,0,1,1,1
MVRC,gene:proph:163865,0,0,1,1
MVRC,gene:proph:163866,0,0,1,1
MVRC,gene:proph:163867,0,0,1,1
MVRC,gene:proph:163869,0,0,1,1
MVRC,gene:proph:163870,0,0,1,1
MVRC,gene:proph:163871,0,0,1,1
MVRC,gene:proph:163872,0,0,1,1
MVRC,gene:proph:163873,0,0,1,1
MVRC,gene:proph:163874,0,0,1,1
MVRC,gene:proph:163876,0,0,1,1
MVRC,gene:proph:163877,0,0,1,1
MVRC,gene:proph:163878,0,0,1,1
MVRC,gene:proph:163883,0,0,1,1
MVRC,gene:proph:163885,0,0,1,1
MVRC,gene:proph:163886,0,0,1,1
MVRC,gene:proph:163888,0,0,1,1
MVRC,gene:proph:163889,0,0,1,1
MVRC,gene:proph:163890,0,0,1,1
MVRC,gene:proph:163891,0,0,1,1
MVRC,gene:proph:163893,0,0,1,1
MVRC,gene:proph:163895,0,0,1,1
MVRC,gene:proph:163896,0,0,1,1
MVRC,gene:proph:163899,0,0,1,1
MVRC,gene:proph:163900,0,0,1,1
MVRC,gene:proph:163901,0,0,1,1
MVRC,gene:proph:163902,0,0,1,1
MVRC,gene:proph:163903,0,0,1,1
MVRC,gene:proph:163904,0,0,1,1
MVRC,gene:proph:163905,0,0,1,1
MVRC,gene:proph:163908,0,0,1,1
MVRC,gene:proph:163911,0,0,1,1
MVRC,gene:proph:163928,0,0,1,1
MVRC,gene:proph:169100,0,0,1,1
MVRC,gene:proph:169101,0,0,1,1
MVRC,gene:proph:169102,0,0,1,1
MVRC,gene:proph:169106,0,0,1,1
MVRC,gene:proph:169115,0,0,1,1
MVRC,gene:proph:173955,0,0,1,1
MVRC,gene:proph:176046,0,0,2,1
MVRC,gene:proph:176051,0,0,2,1
MVRC,gene:proph:176056,0,1,1,1
MVRC,gene:proph:176058,0,0,1,1
MVRC,gene:proph:176711,0,0,1,1
MVRC,gene:proph:176713,0,0,1,1
MVRC,gene:proph:176766,0,0,2,1
MVRC,gene:proph:176799,0,0,1,1
MVRC,gene:proph:176800,0,0,1,1
MVRC,gene:proph:176804,0,0,1,1
MVRC,gene:proph:176816,0,0,1,1
MVRC,gene:proph:176817,0,0,1,1
MVRC,gene:proph:176818,0,0,1,1
MVRC,gene:proph:176819,0,0,1,1
MVRC,gene:proph:176820,0,0,1,1
MVRC,gene:proph:176821,0,0,1,1
MVRC,gene:proph:176822,0,0,1,1
MVRC,gene:proph:176823,0,0,1,1
MVRC,gene:proph:176824,0,0,1,1
MVRC,gene:proph:176825,0,0,1,1
MVRC,gene:proph:176826,0,0,1,1
MVRC,gene:proph:176827,0,0,1,1
MVRC,gene:proph:176828,0,0,1,1
MVRC,gene:proph:176829,0,0,1,1
MVRC,gene:proph:176830,0,0,1,1
MVRC,gene:proph:176831,0,0,1,1
MVRC,gene:proph:176832,0,0,1,1
MVRC,gene:proph:177498,0,0,1,1
MVRC,gene:proph:177500,0,0,1,1
MVRC,gene:proph:177501,0,0,1,1
MVRC,gene:proph:179433,0,0,1,1
MVRC,gene:proph:179435,0,0,1,1
MVRC,gene:proph:179438,0,0,1,1
MVRC,gene:proph:179439,0,0,1,1
MVRC,gene:proph:181121,0,0,1,1
MVRC,gene:proph:181169,0,0,2,1
MVRC,gene:proph:181170,0,0,2,1
MVRC,gene:proph:181174,0,0,1,1
MVRC,gene:proph:183581,0,0,1,1
MVRC,gene:proph:183637,0,0,1,1
MVRC,gene:vir:104416,0,0,1,1
MVRC,gene:vir:108421,0,0,1,1
MVRC,gene:vir:108544,0,0,2,1
MVRC,gene:vir:108646,0,0,1,1
MVRC,gene:vir:1321,0,0,2,1
MVRC,gene:vir:779,0,0,2,1
MVRC,gene:vir:79565,0,0,1,1
NHAA,gene:plasmid:119712,0,0,1,1
NHAB,gene:proph:159024,0,0,1,1
NHAB,gene:proph:159025,0,0,1,1
NHAB,gene:proph:163818,0,0,1,1
NHAB,gene:proph:163838,0,0,1,1
NHAB,gene:proph:163842,0,0,1,1
NHAB,gene:proph:163847,0,0,1,1
NHAB,gene:proph:163852,0,0,1,1
NHAB,gene:proph:169142,0,0,1,1
NHAB,gene:proph:169148,0,0,1,1
NHAB,gene:proph:172466,0,0,1,1
NHAB,gene:proph:172478,0,0,1,1
NHAB,gene:proph:172479,0,0,1,1
NHAB,gene:proph:172517,0,0,1,1
NHAB,gene:proph:172518,0,0,1,1
NHAB,gene:proph:172519,0,0,1,1
NHAB,gene:proph:172520,0,0,1,1
NHAB,gene:proph:172521,0,0,1,1
NHAB,gene:proph:172522,0,0,1,1
NHAB,gene:proph:172523,0,0,1,1
NHAB,gene:proph:172524,0,0,1,1
NHAB,gene:proph:173760,0,0,1,1
NHAB,gene:proph:173765,0,0,1,1
NHAB,gene:proph:173768,0,0,1,1
NHAB,gene:proph:173769,0,0,1,1
NHAB,gene:proph:173774,0,0,1,1
NHAB,gene:proph:173775,0,0,1,1
NHAB,gene:proph:173777,0,0,1,1
NHAB,gene:proph:173782,0,0,1,1
NHAB,gene:proph:173783,0,0,1,1
NHAB,gene:proph:173784,0,0,1,1
NHAB,gene:proph:173786,0,0,1,1
NHAB,gene:proph:173788,0,0,1,1
NHAB,gene:proph:174981,0,0,1,1
NHAB,gene:proph:174983,0,0,1,1
NHAB,gene:proph:174989,0,0,1,1
NHAB,gene:proph:174990,0,0,1,1
NHAB,gene:proph:174992,0,0,1,1
NHAB,gene:proph:174995,0,0,1,1
NHAB,gene:proph:174996,0,0,1,1
NHAB,gene:proph:174997,0,0,1,1
NHAB,gene:proph:174998,0,0,1,1
NHAB,gene:proph:175001,0,0,1,1
NHAB,gene:proph:175002,0,0,1,1
NHAB,gene:proph:175004,0,0,1,1
NHAB,gene:proph:175006,0,0,1,1
NHAB,gene:proph:176046,0,0,1,1
NHAB,gene:proph:176056,0,0,1,1
NHAB,gene:proph:176059,0,0,1,1
NHAB,gene:proph:176080,0,0,1,1
NHAB,gene:proph:176085,0,0,1,1
NHAB,gene:proph:176766,0,0,1,1
NHAB,gene:proph:176813,0,0,1,1
NHAB,gene:proph:176814,0,0,1,1
NHAB,gene:proph:177541,0,0,1,1
NHAB,gene:proph:177557,0,0,1,1
NHAB,gene:proph:179433,0,0,1,1
NHAB,gene:proph:181052,0,0,1,1
NHAB,gene:proph:181054,0,0,1,1
NHAB,gene:proph:181055,0,0,1,1
NHAB,gene:proph:181056,0,0,1,1
NHAB,gene:proph:181057,0,0,1,1
NHAB,gene:proph:181058,0,0,1,1
NHAB,gene:proph:181059,0,0,1,1
NHAB,gene:proph:181061,0,0,1,1
NHAB,gene:proph:181062,0,0,1,1
NHAB,gene:proph:181173,0,0,1,1
NHAB,gene:proph:181174,0,0,1,1
NHAB,gene:proph:181175,0,0,1,1
NHAB,gene:proph:181177,0,0,1,1
NHAB,gene:proph:181210,0,0,1,1
NHAB,gene:proph:181222,0,0,1,1
NHAB,gene:proph:181223,0,0,1,1
NHAB,gene:proph:181224,0,0,1,1
NHAB,gene:proph:181225,0,0,1,1
NHAB,gene:proph:181305,0,0,1,1
NHAB,gene:proph:181306,0,0,1,1
NHAB,gene:proph:181314,0,0,1,1
NHAB,gene:proph:181315,0,0,1,1
NHAB,gene:proph:181316,0,0,1,1
NHAB,gene:vir:104392,0,0,1,1
NHAB,gene:vir:3424,0,0,1,1
NHAB,gene:vir:3425,0,0,1,1
NHAB,gene:vir:3431,0,0,1,1
NHAB,gene:vir:3432,0,0,1,1
NHAB,gene:vir:3433,0,0,1,1
NHAB,gene:vir:3434,0,0,1,1
NHAB,gene:vir:79556,0,0,1,1
NMPC,gene:plasmid:21988,0,0,2,1
NMPC,gene:proph:159028,0,1,1,1
NMPC,gene:proph:159036,0,1,0,1
NMPC,gene:proph:163837,0,1,1,1
NMPC,gene:proph:163858,0,1,0,1
NMPC,gene:proph:176073,0,1,0,1
NMPC,gene:proph:181127,0,0,1,1
NORA,gene:plasmid:112749,0,1,0,1
OMP37,gene:plasmid:93482,0,1,0,1
OMPA,gene:plasmid:125744,0,0,1,1
OMPA,gene:proph:163818,0,0,1,1
OMPA,gene:proph:183644,0,0,1,1
OQXA,gene:plasmid:21842,0,1,0,1
OQXA,gene:proph:169464,0,0,1,1
OQXA,gene:proph:172517,0,0,1,1
OQXA,gene:proph:182978,0,1,0,1
OQXA,gene:vir:5711,0,1,0,1
OQXA,gene:vir:98552,0,1,0,1
PCOA,gene:plasmid:153906,0,0,1,1
PITA,gene:plasmid:24694,0,0,1,1
PITA,gene:plasmid:24694,0,1,0,1
PMRF,gene:plasmid:134726,0,0,1,1
PMRF,gene:proph:163981,0,0,1,1
PMRF,gene:proph:179438,0,0,1,1
PMRF,gene:proph:181243,0,0,1,1
PMRF,gene:proph:181244,0,0,1,1
PMRF,gene:proph:181292,0,0,1,1
PMRF,gene:proph:182641,0,0,1,1
PMRF,gene:proph:182647,0,0,1,1
PMRF,gene:proph:183583,0,0,1,1
PMRF,gene:proph:183597,0,0,1,1
PMRF,gene:vir:7156,0,0,1,1
QACEDELTA1,gene:plasmid:158836,0,0,3,1
QACEDELTA1,gene:plasmid:158838,0,0,3,1
QACEDELTA1,gene:plasmid:87420,0,0,3,1
QNRS,gene:plasmid:24949,0,1,1,1
QNRS,gene:plasmid:24949,1,0,3,1
RCNR,gene:proph:159026,1,0,3,1
RCNR,gene:proph:163807,0,0,1,1
RCNR,gene:proph:163810,0,0,1,1
RCNR,gene:proph:163814,0,0,1,1
RCNR,gene:proph:163847,1,0,3,1
RCNR,gene:proph:172415,1,0,3,1
RCNR,gene:proph:172651,1,0,3,1
RCNR,gene:proph:176765,1,0,3,1
RCNR,gene:proph:176924,0,0,1,1
RCNR,gene:proph:181166,1,0,3,1
RCNR,gene:vir:104426,1,0,3,1
RCNR,gene:vir:108544,1,0,3,1
RCNR,gene:vir:108625,0,0,1,1
RCNR,gene:vir:108716,1,0,3,1
RCNR,gene:vir:2013,0,0,1,1
RCNR,gene:vir:2016,0,0,1,1
RCNR,gene:vir:2018,0,0,1,1
RCNR,gene:vir:2019,0,0,1,1
RCNR,gene:vir:2022,0,0,1,1
RCNR,gene:vir:2024,0,0,1,1
RCNR,gene:vir:2027,0,0,1,1
RCNR,gene:vir:2028,0,0,1,1
RCNR,gene:vir:2029,0,0,1,1
RCNR,gene:vir:2030,0,0,1,1
RCNR,gene:vir:2031,0,0,1,1
RCNR,gene:vir:2032,0,0,1,1
RCNR,gene:vir:2033,0,0,1,1
RCNR,gene:vir:2035,0,0,1,1
RCNR,gene:vir:2039,0,0,1,1
RCNR,gene:vir:2040,0,0,1,1
RCNR,gene:vir:2045,0,0,1,1
RCNR,gene:vir:2050,0,0,1,1
RCNR,gene:vir:2883,1,0,3,1
RCNR,gene:vir:3271,1,0,3,1
RCNR,gene:vir:3472,1,0,3,1
RCNR,gene:vir:5693,0,0,1,1
RCNR,gene:vir:5699,0,0,1,1
RCNR,gene:vir:5701,0,0,1,1
RCNR,gene:vir:5713,0,0,1,1
RCNR,gene:vir:5722,0,0,1,1
RCNR,gene:vir:6059,0,0,1,1
RCNR,gene:vir:6062,0,0,1,1
RCNR,gene:vir:6065,0,0,1,1
RCNR,gene:vir:6070,0,0,1,1
RCNR,gene:vir:6071,0,0,1,1
RCNR,gene:vir:6080,0,0,1,1
RCNR,gene:vir:6093,0,0,1,1
RMTC,gene:plasmid:109054,0,0,1,1
RMTC,gene:plasmid:127984,0,0,1,1
RMTC,gene:plasmid:136206,0,0,1,1
RMTC,gene:plasmid:136251,0,0,1,1
RMTC,gene:plasmid:83908,0,0,1,1
RMTC,gene:plasmid:91073,0,0,1,1
RMTC,gene:plasmid:91140,0,0,1,1
RMTC,gene:plasmid:91536,0,0,1,1
RMTC,gene:plasmid:91541,0,0,1,1
RMTC,gene:plasmid:91550,0,0,1,1
RMTC,gene:plasmid:91553,0,0,1,1
RMTC,gene:plasmid:91563,0,0,1,1
RMTC,gene:plasmid:91567,0,0,1,1
RMTC,gene:plasmid:91573,0,0,1,1
RMTC,gene:plasmid:91574,0,0,1,1
RMTC,gene:plasmid:91594,0,0,1,1
RMTC,gene:plasmid:91595,0,0,1,1
RMTC,gene:plasmid:91596,0,0,1,1
RMTC,gene:plasmid:91609,0,0,1,1
RMTC,gene:plasmid:91612,0,0,1,1
RMTC,gene:plasmid:91615,0,0,1,1
RMTC,gene:plasmid:91619,0,0,1,1
RMTC,gene:plasmid:91621,0,0,1,1
RMTC,gene:plasmid:91625,0,0,1,1
RMTC,gene:plasmid:91626,0,0,1,1
RMTC,gene:plasmid:91631,0,0,1,1
RMTC,gene:plasmid:91644,0,0,1,1
RMTC,gene:plasmid:91650,0,0,1,1
RMTC,gene:plasmid:91679,0,0,1,1
RMTC,gene:plasmid:91682,0,0,1,1
RMTC,gene:plasmid:91685,0,0,1,1
RMTC,gene:plasmid:91693,0,0,1,1
RMTC,gene:plasmid:91700,0,0,1,1
RMTC,gene:plasmid:91710,0,0,1,1
RMTC,gene:plasmid:91714,0,0,1,1
RMTC,gene:plasmid:91716,0,0,1,1
RPOS,gene:proph:163976,0,0,1,2
SAT,gene:plasmid:135617,0,1,0,1
SAT,gene:plasmid:15664,0,1,0,1
SDEY,gene:proph:170892,0,0,1,1
SHV,gene:plasmid:83772,0,1,0,1
SHV,gene:plasmid:83812,0,1,0,1
SILB,gene:plasmid:93486,0,0,2,1
SILC,gene:plasmid:139674,0,0,1,1
SILC,gene:plasmid:153906,0,1,1,1
SILC,gene:plasmid:155964,0,1,0,1
SILC,gene:plasmid:155964,0,1,1,1
SILC,gene:plasmid:156084,0,1,0,1
SILC,gene:plasmid:156110,0,1,0,1
SILC,gene:plasmid:156176,0,1,0,1
SILC,gene:plasmid:25527,0,0,1,1
SILC,gene:plasmid:88298,0,1,0,1
SILC,gene:plasmid:88300,0,1,0,1
SILC,gene:plasmid:88301,0,1,0,1
SILC,gene:plasmid:88302,0,1,0,1
SILC,gene:plasmid:88313,0,1,0,1
SILC,gene:plasmid:88327,0,1,0,1
SILC,gene:plasmid:88444,0,1,0,1
SILC,gene:plasmid:88445,0,1,0,1
SILC,gene:plasmid:88447,0,1,0,1
SILC,gene:plasmid:88455,0,1,0,1
SILC,gene:plasmid:88458,0,1,0,1
SILC,gene:plasmid:88459,0,1,0,1
SILC,gene:plasmid:88460,0,1,0,1
SILC,gene:plasmid:88461,0,1,0,1
SILC,gene:plasmid:88462,0,1,0,1
SILC,gene:plasmid:88463,0,1,0,1
SILC,gene:plasmid:88464,0,1,0,1
SILC,gene:plasmid:88465,0,1,0,1
SILC,gene:plasmid:88466,0,1,0,1
SILC,gene:plasmid:88472,0,1,0,1
SILC,gene:plasmid:88473,0,1,0,1
SILC,gene:plasmid:88475,0,1,0,1
SILE,gene:plasmid:153903,0,0,2,1
SILP,gene:plasmid:153906,0,0,3,1
SILS,gene:plasmid:123269,0,1,0,1
SILS,gene:plasmid:123270,0,1,0,1
SILS,gene:plasmid:139674,0,1,0,1
SITABCD,gene:plasmid:16044,0,0,2,1
SITABCD,gene:plasmid:16046,0,0,2,1
SITABCD,gene:plasmid:16046,0,1,1,1
SITABCD,gene:plasmid:16047,0,0,1,1
SITABCD,gene:plasmid:16047,0,0,2,1
SODA,gene:plasmid:84585,0,0,1,1
SOXRB,gene:plasmid:117440,0,0,1,1
SOXRB,gene:plasmid:119689,0,0,1,1
SOXRB,gene:plasmid:155982,0,0,1,1
SOXRB,gene:plasmid:156169,0,0,1,1
SOXRB,gene:plasmid:15811,0,0,1,1
SUGE,gene:plasmid:109300,0,0,2,1
SUGE,gene:plasmid:109300,0,1,0,2
SUGE,gene:plasmid:142103,0,0,1,1
SUGE,gene:plasmid:25357,0,0,1,1
SUGE,gene:vir:1321,0,0,1,1
SULI,gene:plasmid:16015,0,0,1,1
SULII,gene:plasmid:124844,0,0,1,1
SULII,gene:plasmid:135202,0,1,1,1
SULII,gene:plasmid:91702,0,0,1,1
SULIII,gene:plasmid:117750,0,1,1,1
SULIII,gene:plasmid:117769,0,1,1,1
SULIII,gene:plasmid:117835,0,1,1,1
TEM,gene:plasmid:15988,0,1,0,1
TEM,gene:plasmid:15993,0,1,0,1
TEM,gene:plasmid:91743,0,1,0,1
TEM,gene:plasmid:91745,0,1,0,1
TEM,gene:plasmid:91746,0,1,0,1
TEM,gene:plasmid:91747,0,1,0,1
TEM,gene:plasmid:91748,0,1,0,1
TEM,gene:plasmid:91749,0,1,0,1
TEM,gene:plasmid:91750,0,1,0,1
TERW,gene:plasmid:153863,0,0,2,1
TERW,gene:plasmid:153864,0,0,2,1
TERW,gene:plasmid:153865,0,0,2,1
TERW,gene:plasmid:153866,0,0,2,1
TERW,gene:plasmid:154080,0,0,1,1
TERW,gene:plasmid:154081,0,0,1,1
TERZ,gene:plasmid:153867,0,0,2,1
TERZ,gene:plasmid:154074,0,0,2,1
TET40,gene:plasmid:147544,0,1,0,1
TETA,gene:plasmid:121923,1,0,3,1
TETA,gene:plasmid:123352,1,0,3,1
TETA,gene:plasmid:123353,1,0,3,1
TETA,gene:plasmid:123355,1,0,3,1
TETA,gene:plasmid:123356,1,0,3,1
TETA,gene:plasmid:148146,0,0,1,1
TETA,gene:plasmid:84615,1,0,3,1
TETD,gene:plasmid:136299,0,1,0,1
TETD,gene:plasmid:136301,0,1,0,1
TETM,gene:plasmid:13101,0,1,0,1
TETQ,gene:plasmid:141421,0,1,0,1
TETQ,gene:plasmid:141422,0,1,0,1
TETQ,gene:plasmid:141423,0,1,0,1
TETQ,gene:plasmid:141424,0,1,0,1
TETQ,gene:plasmid:141425,0,1,0,1
TETQ,gene:plasmid:141426,0,1,0,1
TETQ,gene:plasmid:141427,0,1,0,1
TETQ,gene:plasmid:141428,0,1,0,1
TETQ,gene:plasmid:141429,0,1,0,1
TETQ,gene:plasmid:141431,0,1,0,1
TETW,gene:plasmid:145991,0,0,1,1
TOLC,gene:plasmid:123257,0,1,0,1
YBTP,gene:plasmid:155982,0,0,1,1
YBTP,gene:plasmid:156169,0,0,1,1
YBTP,gene:proph:163918,0,0,1,1
YBTP,gene:proph:163934,0,0,1,1
YBTP,gene:proph:163935,0,0,1,1
YBTP,gene:proph:163947,0,0,1,1
YBTP,gene:proph:169113,0,0,1,1
YCHH,gene:plasmid:117813,0,0,1,1
YCHH,gene:plasmid:15993,0,0,1,1
YCHH,gene:plasmid:15994,0,0,1,1
YCHH,gene:plasmid:25369,0,0,1,1
YCHH,gene:proph:163918,0,0,1,1
YCHH,gene:proph:163934,0,0,1,1
YCHH,gene:proph:163935,0,0,1,1
YCHH,gene:proph:163947,0,0,1,1
YCHH,gene:proph:177582,0,0,1,1
YCHH,gene:proph:177584,0,0,1,1
YDEI,gene:proph:159061,1,0,3,1
YDEI,gene:proph:163928,1,0,3,1
YDEI,gene:proph:163940,1,0,3,1
YDEI,gene:proph:172451,1,0,3,1
YDEI,gene:proph:177577,1,0,3,1
YDEI,gene:proph:182930,1,0,3,1
YDEP,gene:plasmid:24248,0,0,1,1
YGJH,gene:plasmid:117442,0,0,1,1
YGJH,gene:plasmid:117481,0,0,1,1
YGJH,gene:plasmid:119683,0,0,1,1
YGJH,gene:plasmid:119684,0,0,1,1
YGJH,gene:plasmid:121457,0,0,1,1
YGJH,gene:plasmid:121458,0,0,1,1
YGJH,gene:plasmid:121532,0,0,1,1
YGJH,gene:plasmid:123257,0,0,1,1
YGJH,gene:plasmid:151300,0,0,1,1
YGJH,gene:proph:163834,0,0,1,1
YJAA,gene:plasmid:109300,0,0,1,1
YJAA,gene:plasmid:114253,0,0,1,1
YJAA,gene:plasmid:25357,0,0,1,1
ZINT,gene:plasmid:123177,0,0,1,1
ZNTR,gene:plasmid:151260,0,0,1,3
ZNTR,gene:plasmid:151260,0,0,2,1
ZNTR,gene:plasmid:151260,0,1,1,1
ZNTR,gene:plasmid:151260,0,1,2,1
ZUPT,gene:plasmid:123257,1,0,3,1
ZUR,gene:proph:172561,0,0,1,1
ZUR,gene:proph:176800,0,0,1,1
ZUR,gene:proph:176805,0,0,1,1
ZUR,gene:proph:179486,0,0,1,1
ZUR,gene:proph:181113,0,0,1,1
ZUR,gene:proph:181147,0,0,1,1
ZUR,gene:proph:181149,0,0,1,1
ZUR,gene:proph:181161,0,0,1,1
ZUR,gene:vir:4542,0,0,1,1
ZUR,gene:vir:4546,0,0,1,1
ZUR,gene:vir:4547,0,0,1,1
ZUR,gene:vir:4549,0,0,1,1
ZUR,gene:vir:79547,0,0,1,1
ZUR,gene:vir:79550,0,0,1,1
ZUR,gene:vir:79561,0,0,1,1
ZUR,gene:vir:79572,0,0,1,1
